<TextureAtlas imagePath="rollingBall_sheet@2.png">
	<SubTexture name="background_blue.png" x="256" y="416" width="128" height="128"/>
	<SubTexture name="background_brown.png" x="416" y="0" width="128" height="128"/>
	<SubTexture name="background_green.png" x="512" y="384" width="128" height="128"/>
	<SubTexture name="ball_blue_large.png" x="544" y="0" width="128" height="128"/>
	<SubTexture name="ball_blue_large_alt.png" x="256" y="160" width="128" height="128"/>
	<SubTexture name="ball_blue_small.png" x="736" y="588" width="64" height="64"/>
	<SubTexture name="ball_blue_small_alt.png" x="672" y="704" width="64" height="64"/>
	<SubTexture name="ball_red_large.png" x="256" y="288" width="128" height="128"/>
	<SubTexture name="ball_red_large_alt.png" x="320" y="544" width="128" height="128"/>
	<SubTexture name="ball_red_small.png" x="736" y="716" width="64" height="64"/>
	<SubTexture name="ball_red_small_alt.png" x="672" y="768" width="64" height="64"/>
	<SubTexture name="block_corner.png" x="384" y="416" width="128" height="128"/>
	<SubTexture name="block_corner_large.png" x="0" y="0" width="256" height="256"/>
	<SubTexture name="block_large.png" x="512" y="128" width="128" height="256"/>
	<SubTexture name="block_locked_large.png" x="384" y="160" width="128" height="256"/>
	<SubTexture name="block_locked_narrow.png" x="736" y="76" width="64" height="256"/>
	<SubTexture name="block_locked_small.png" x="736" y="780" width="64" height="64"/>
	<SubTexture name="block_locked_square.png" x="576" y="512" width="128" height="128"/>
	<SubTexture name="block_narrow.png" x="800" y="0" width="64" height="256"/>
	<SubTexture name="block_rotate_large.png" x="448" y="544" width="128" height="256"/>
	<SubTexture name="block_rotate_narrow.png" x="736" y="332" width="64" height="256"/>
	<SubTexture name="block_small.png" x="736" y="652" width="64" height="64"/>
	<SubTexture name="block_square.png" x="320" y="672" width="128" height="128"/>
	<SubTexture name="button_blue.png" x="0" y="468" width="256" height="106"/>
	<SubTexture name="button_grey.png" x="0" y="362" width="256" height="106"/>
	<SubTexture name="button_yellow.png" x="0" y="256" width="256" height="106"/>
	<SubTexture name="hole.png" x="576" y="640" width="96" height="96"/>
	<SubTexture name="hole_large.png" x="160" y="574" width="160" height="160"/>
	<SubTexture name="hole_large_end.png" x="0" y="734" width="160" height="160"/>
	<SubTexture name="hole_large_end_alt.png" x="256" y="0" width="160" height="160"/>
	<SubTexture name="hole_large_end_alt_locked.png" x="0" y="574" width="160" height="160"/>
	<SubTexture name="hole_large_end_locked.png" x="160" y="734" width="160" height="160"/>
	<SubTexture name="hole_small_end.png" x="640" y="416" width="96" height="96"/>
	<SubTexture name="hole_small_end_alt.png" x="640" y="320" width="96" height="96"/>
	<SubTexture name="hole_small_end_alt_locked.png" x="640" y="224" width="96" height="96"/>
	<SubTexture name="hole_small_end_locked.png" x="640" y="128" width="96" height="96"/>
	<SubTexture name="hole_start.png" x="576" y="736" width="96" height="96"/>
	<SubTexture name="key.png" x="400" y="800" width="73" height="68"/>
	<SubTexture name="key_outline.png" x="473" y="800" width="73" height="68"/>
	<SubTexture name="laser.png" x="841" y="625" width="40" height="256"/>
	<SubTexture name="laser_shooter.png" x="672" y="0" width="72" height="76"/>
	<SubTexture name="number_0.png" x="800" y="437" width="44" height="57"/>
	<SubTexture name="number_1.png" x="800" y="740" width="36" height="57"/>
	<SubTexture name="number_2.png" x="800" y="625" width="41" height="56"/>
	<SubTexture name="number_3.png" x="800" y="494" width="43" height="66"/>
	<SubTexture name="number_4.png" x="744" y="0" width="48" height="62"/>
	<SubTexture name="number_5.png" x="800" y="560" width="42" height="65"/>
	<SubTexture name="number_6.png" x="800" y="378" width="44" height="59"/>
	<SubTexture name="number_7.png" x="800" y="681" width="41" height="59"/>
	<SubTexture name="number_8.png" x="800" y="256" width="45" height="60"/>
	<SubTexture name="number_9.png" x="800" y="316" width="44" height="62"/>
	<SubTexture name="number_cross.png" x="672" y="76" width="39" height="48"/>
	<SubTexture name="number_percentage.png" x="666" y="832" width="56" height="61"/>
	<SubTexture name="particle_0.png" x="256" y="544" width="16" height="16"/>
	<SubTexture name="particle_1.png" x="704" y="588" width="32" height="32"/>
	<SubTexture name="particle_2.png" x="672" y="640" width="64" height="64"/>
	<SubTexture name="particle_3.png" x="320" y="800" width="80" height="80"/>
	<SubTexture name="star.png" x="606" y="832" width="60" height="60"/>
	<SubTexture name="star_outline.png" x="546" y="832" width="60" height="60"/>
</TextureAtlas>