<TextureAtlas imagePath="rollingBall_sheet.png">
	<SubTexture name="background_blue.png" x="272" y="64" width="64" height="64"/>
	<SubTexture name="background_brown.png" x="289" y="256" width="64" height="64"/>
	<SubTexture name="background_green.png" x="272" y="0" width="64" height="64"/>
	<SubTexture name="ball_blue_large.png" x="257" y="128" width="64" height="64"/>
	<SubTexture name="ball_blue_large_alt.png" x="208" y="64" width="64" height="64"/>
	<SubTexture name="ball_blue_small.png" x="358" y="216" width="32" height="32"/>
	<SubTexture name="ball_blue_small_alt.png" x="352" y="384" width="32" height="32"/>
	<SubTexture name="ball_red_large.png" x="193" y="133" width="64" height="64"/>
	<SubTexture name="ball_red_large_alt.png" x="208" y="0" width="64" height="64"/>
	<SubTexture name="ball_red_small.png" x="373" y="0" width="32" height="32"/>
	<SubTexture name="ball_red_small_alt.png" x="384" y="410" width="32" height="32"/>
	<SubTexture name="block_corner.png" x="193" y="197" width="64" height="64"/>
	<SubTexture name="block_corner_large.png" x="0" y="159" width="128" height="128"/>
	<SubTexture name="block_large.png" x="128" y="133" width="65" height="128"/>
	<SubTexture name="block_locked_large.png" x="225" y="261" width="64" height="128"/>
	<SubTexture name="block_locked_narrow.png" x="353" y="250" width="32" height="128"/>
	<SubTexture name="block_locked_small.png" x="384" y="378" width="32" height="32"/>
	<SubTexture name="block_locked_square.png" x="289" y="320" width="64" height="64"/>
	<SubTexture name="block_narrow.png" x="385" y="248" width="32" height="128"/>
	<SubTexture name="block_rotate_large.png" x="160" y="261" width="65" height="128"/>
	<SubTexture name="block_rotate_narrow.png" x="369" y="72" width="32" height="128"/>
	<SubTexture name="block_small.png" x="372" y="34" width="32" height="32"/>
	<SubTexture name="block_square.png" x="257" y="192" width="64" height="64"/>
	<SubTexture name="button_blue.png" x="0" y="0" width="129" height="53"/>
	<SubTexture name="button_grey.png" x="0" y="106" width="128" height="53"/>
	<SubTexture name="button_yellow.png" x="0" y="53" width="128" height="53"/>
	<SubTexture name="hole.png" x="321" y="128" width="48" height="48"/>
	<SubTexture name="hole_large.png" x="0" y="367" width="80" height="80"/>
	<SubTexture name="hole_large_end.png" x="80" y="367" width="80" height="80"/>
	<SubTexture name="hole_large_end_alt.png" x="0" y="287" width="80" height="80"/>
	<SubTexture name="hole_large_end_alt_locked.png" x="80" y="287" width="80" height="80"/>
	<SubTexture name="hole_large_end_locked.png" x="128" y="53" width="80" height="80"/>
	<SubTexture name="hole_small_end.png" x="304" y="384" width="48" height="48"/>
	<SubTexture name="hole_small_end_alt.png" x="256" y="389" width="48" height="48"/>
	<SubTexture name="hole_small_end_alt_locked.png" x="208" y="389" width="48" height="48"/>
	<SubTexture name="hole_small_end_locked.png" x="160" y="389" width="48" height="48"/>
	<SubTexture name="hole_start.png" x="129" y="0" width="48" height="48"/>
	<SubTexture name="key.png" x="336" y="0" width="37" height="34"/>
	<SubTexture name="key_outline.png" x="321" y="216" width="37" height="34"/>
	<SubTexture name="laser.png" x="424" y="97" width="20" height="128"/>
	<SubTexture name="laser_shooter.png" x="336" y="34" width="36" height="38"/>
	<SubTexture name="number_0.png" x="416" y="376" width="22" height="29"/>
	<SubTexture name="number_1.png" x="417" y="261" width="18" height="28"/>
	<SubTexture name="number_2.png" x="416" y="405" width="21" height="28"/>
	<SubTexture name="number_3.png" x="404" y="32" width="22" height="33"/>
	<SubTexture name="number_4.png" x="401" y="66" width="24" height="31"/>
	<SubTexture name="number_5.png" x="401" y="157" width="22" height="33"/>
	<SubTexture name="number_6.png" x="401" y="97" width="23" height="30"/>
	<SubTexture name="number_7.png" x="417" y="231" width="21" height="30"/>
	<SubTexture name="number_8.png" x="401" y="127" width="23" height="30"/>
	<SubTexture name="number_9.png" x="405" y="0" width="22" height="31"/>
	<SubTexture name="number_cross.png" x="336" y="104" width="19" height="24"/>
	<SubTexture name="number_percentage.png" x="390" y="200" width="28" height="31"/>
	<SubTexture name="particle_0.png" x="128" y="277" width="8" height="8"/>
	<SubTexture name="particle_1.png" x="128" y="261" width="16" height="16"/>
	<SubTexture name="particle_2.png" x="336" y="72" width="32" height="32"/>
	<SubTexture name="particle_3.png" x="321" y="176" width="40" height="40"/>
	<SubTexture name="star.png" x="352" y="416" width="30" height="30"/>
	<SubTexture name="star_outline.png" x="177" y="0" width="30" height="30"/>
</TextureAtlas>